Dominance Rank,Fighter Name,Dominance Score,Win %,KO %,Title Fight Wins,Title Fight Total,Title Fight Win %,Adjusted Title Success,Career Length
1,Naoya Inoue,86.06,100.0,81.8,26,26,100.0,100.0,14
2,Julio Cesar Chavez,84.61,93.04347826086956,74.8,31,35,88.57142857142857,88.57142857142857,25
3,Joe Louis,81.99,95.65217391304348,75.4,27,28,96.42857142857143,96.42857142857143,17
4,Floyd Mayweather,81.99,100.0,54.0,26,26,100.0,100.0,21
5,Terence Crawford,80.43,100.0,73.8,20,20,100.0,100.0,17
6,Saul Alvarez,72.88,92.64705882352942,57.4,24,27,88.88888888888889,88.88888888888889,21
7,Alexis Arguello,72.68,90.58823529411765,72.9,19,22,86.36363636363636,86.36363636363636,27
8,Roy Jones Jr,72.63,86.8421052631579,61.8,25,28,89.28571428571429,89.28571428571429,29
9,Gennadiy Golovkin,72.05,93.33333333333333,82.2,17,19,89.47368421052632,89.47368421052632,16
10,Muhammad Ali,71.17,91.80327868852459,60.7,22,25,88.0,88.0,21
11,Larry Holmes,71.13,92.0,58.7,20,25,80.0,80.0,29
12,Oleksandr Usyk,70.67,100.0,64.0,14,14,100.0,93.33333333333333,13
13,Thomas Hearns,68.23,91.04477611940298,71.6,14,18,77.77777777777779,77.77777777777779,29
14,Lennox Lewis,67.04,93.18181818181817,72.7,15,17,88.23529411764706,88.23529411764706,14
15,Oscar De La Hoya,66.88,86.66666666666667,66.7,24,29,82.75862068965517,82.75862068965517,16
16,Artur Beterbiev,65.87,95.45454545454545,90.9,10,11,90.9090909090909,66.66666666666666,13
17,Marvin Hagler,65.8,92.53731343283582,77.6,13,14,92.85714285714286,86.66666666666667,14
18,Emanuel Navarrete,65.5,90.9090909090909,75.0,14,15,93.33333333333333,93.33333333333333,14
19,Manny Pacquiao,65.22,84.93150684931507,53.4,21,25,84.0,84.0,30
20,Roberto Duran,63.96,86.5546218487395,58.8,17,24,70.83333333333334,70.83333333333334,33
21,Jose Napoles,63.68,92.04545454545455,61.4,15,18,83.33333333333334,83.33333333333334,17
22,Andre Ward,63.65,100.0,50.0,12,12,100.0,80.0,13
23,Bernard Hopkins,62.75,82.08955223880598,47.8,24,29,82.75862068965517,82.75862068965517,28
24,Jermall Charlo,62.63,100.0,67.6,8,8,100.0,53.333333333333336,18
25,Junto Nakatani,62.05,96.96969696969697,72.7,10,11,90.9090909090909,66.66666666666666,11
26,Rocky Marciano,61.89,100.0,87.8,7,7,100.0,46.666666666666664,8
27,Azumah Nelson,61.83,82.97872340425532,59.6,18,22,81.81818181818183,81.81818181818183,29
28,Gervonta Davis,61.5,96.7741935483871,90.3,7,7,100.0,46.666666666666664,13
29,Eder Jofre,60.61,92.3076923076923,64.1,11,13,84.61538461538461,73.33333333333333,19
30,Bob Foster,60.44,86.15384615384616,70.8,14,16,87.5,87.5,17
31,Harry Wills,60.42,80.18018018018019,50.5,24,26,92.3076923076923,92.3076923076923,21
32,Henry Armstrong,60.33,82.5136612021858,54.6,24,27,88.88888888888889,88.88888888888889,14
33,Carlos Monzon,59.87,87.0,59.0,15,15,100.0,100.0,14
34,George Foreman,59.45,93.82716049382715,84.0,5,8,62.5,33.333333333333336,28
35,David Benavidez,58.62,100.0,81.3,5,5,100.0,33.33333333333333,13
36,Pernell Whitaker,56.81,86.95652173913044,37.0,19,22,86.36363636363636,86.36363636363636,17
37,Willie Pep,56.74,95.0207468879668,27.0,11,14,78.57142857142857,73.33333333333333,26
38,Sugar Ray Robinson,56.73,86.56716417910447,54.2,14,21,66.66666666666666,66.66666666666666,25
39,Sugar Ray Leonard,56.71,90.0,62.5,10,12,83.33333333333334,66.66666666666667,20
40,Nonito Donaire,55.49,81.13207547169812,52.8,18,25,72.0,72.0,25
41,Shakur Stevenson,55.23,100.0,44.0,9,9,100.0,60.0,9
42,Anthony Joshua,54.73,88.23529411764706,79.4,9,13,69.23076923076923,60.0,13
43,Vicente Saldivar,54.7,92.5,65.0,9,11,81.81818181818183,60.0,12
44,Errol Spence Jr,54.63,93.33333333333333,73.3,7,8,87.5,46.666666666666664,14
45,Joe Frazier,54.55,86.48648648648648,73.0,10,12,83.33333333333334,66.66666666666667,16
46,Archie Moore,54.24,84.54545454545455,60.0,10,12,83.33333333333334,66.66666666666667,28
47,Vasyl Lomachenko,54.02,85.71428571428571,57.1,14,17,82.35294117647058,82.35294117647058,12
48,Devin Haney,53.36,97.05882352941177,44.1,9,9,100.0,60.0,11
49,Carlos Ortiz,53.09,87.14285714285714,42.9,14,18,77.77777777777779,77.77777777777779,17
50,Joe Gans,51.55,79.69543147208121,50.8,17,21,80.95238095238095,80.95238095238095,18
51,Kazuto Ioka,50.26,84.21052631578947,44.7,14,19,73.68421052631578,73.68421052631578,17
52,Evander Holyfield,50.26,77.19298245614034,50.9,16,23,69.56521739130434,69.56521739130434,27
53,Jermell Charlo,49.77,92.10526315789474,50.0,7,9,77.77777777777779,46.66666666666667,19
54,Floyd Patterson,49.42,85.9375,62.5,8,13,61.53846153846154,53.333333333333336,20
55,Sandy Saddler,49.39,88.95705521472392,63.8,8,9,88.88888888888889,53.33333333333333,12
56,Tyson Fury,49.39,92.3076923076923,64.1,5,7,71.42857142857143,33.333333333333336,18
57,Sam Langford,48.96,66.87898089171973,40.1,30,41,73.17073170731707,73.17073170731707,24
58,Jack Johnson,47.8,72.3404255319149,36.2,15,16,93.75,93.75,34
59,Sonny Liston,45.82,92.5925925925926,72.2,2,4,50.0,13.333333333333334,17
60,Gene Tunney,43.64,94.11764705882352,56.5,3,3,100.0,20.0,13
61,Ike Williams,39.57,81.52866242038218,38.9,9,10,90.0,60.0,15
62,Ezzard Charles,39.37,78.51239669421489,43.0,9,13,69.23076923076923,60.0,19
63,Benny Leonard,39.25,84.47488584474885,32.0,7,8,87.5,46.666666666666664,21
64,Gene Fullmer,38.45,85.9375,37.5,7,10,70.0,46.666666666666664,12
65,Emile Griffith,37.4,75.89285714285714,20.5,16,26,61.53846153846154,61.53846153846154,19
66,Tony Canzoneri,36.95,80.57142857142857,25.1,12,21,57.14285714285714,57.14285714285714,14
67,Mickey Walker,36.09,79.8780487804878,36.6,8,12,66.66666666666666,53.33333333333333,16
68,Max Schmeling,33.43,80.0,57.1,2,4,50.0,13.333333333333334,24
69,Harry Greb,31.32,87.29096989966555,16.4,5,7,71.42857142857143,33.333333333333336,13
70,Kid Gavilan,27.63,75.52447552447552,19.6,8,11,72.72727272727273,53.333333333333336,15
71,Dick Tiger,26.27,73.17073170731707,32.9,6,9,66.66666666666666,39.99999999999999,18
72,Jimmy McLarnin,22.44,79.71014492753623,30.4,2,5,40.0,13.333333333333332,13
73,Jack Britton,21.21,68.69565217391305,8.7,7,11,63.63636363636363,46.666666666666664,26
74,Carmen Basilio,20.79,70.88607594936708,34.2,5,11,45.45454545454545,33.33333333333333,13
75,Jimmy Bivins,15.57,76.06837606837607,27.4,0,0,0.0,0.0,15
