Fighter Name,Weight Class(es),Wins,Losses,Draws,No Contests,Total Fights,Record,KO Wins,KO %,KO Losses,Debut Year,Years Active,Championship Titles,BoxRec ID,Stoppage Win %,Decision Win %,Title Fight Wins,Title Fight Losses
Archie Moore,Light Heavyweight to Heavyweight,186,23,10,1,220,186-23-10 (132 KOs),132,60,7,1935,1935-1963,World Light Heavyweight,8995,71,29,10,2
Sugar Ray Robinson,Welterweight to Middleweight,174,19,6,2,201,174-19-6 (109 KOs),109,54.2,1,1940,1940-1965,World Welterweight/Middleweight,9625,62.6,37.4,14,7
Muhammad Ali,Heavyweight,56,5,0,0,61,56-5 (37 KOs),37,60.7,1,1960,1960-1981,WBA/WBC Heavyweight,180,66.1,33.9,22,3
Joe Louis,Heavyweight,66,3,0,0,69,66-3 (52 KOs),52,75.4,2,1934,1934-1951,World Heavyweight,9027,78.8,21.2,27,1
Ezzard Charles,Middleweight to Heavyweight,95,25,1,0,121,95-25-1 (52 KOs),52,43,7,1940,1940-1959,NBA Heavyweight,9012,54.7,45.3,9,4
Harry Greb,Middleweight to Light Heavyweight,261,18,19,1,299,261-18-19 (49 KOs),49,16.4,2,1913,1913-1926,World Middleweight,9019,18.8,81.2,5,2
Carlos Monzon,Middleweight,87,3,9,1,100,87-3-9 (59 KOs),59,59,0,1963,1963-1977,WBA/WBC Middleweight,9036,67.8,32.2,15,0
Tony Canzoneri,Featherweight to Light Welterweight,141,24,10,0,175,141-24-10 (44 KOs),44,25.1,1,1925,1925-1939,World Feather/Light/Light Welter,9003,31.2,68.8,12,9
Dick Tiger,Middleweight to Light Heavyweight,60,19,3,0,82,60-19-3 (27 KOs),27,32.9,0,1952,1952-1970,WBA/WBC Middle/Light Heavy,9010,45,55,6,3
Carlos Ortiz,Light Welterweight to Lightweight,61,7,1,1,70,61-7-1 (30 KOs),30,42.9,1,1955,1955-1972,World Light Welter/Lightweight,8387,49.2,50.8,14,4
Sam Langford,Lightweight to Heavyweight,210,43,53,8,314,210-43-53 (126 KOs),126,40.1,0,1902,1902-1926,Colored Heavyweight,11023,60,40,30,11
Henry Armstrong,Featherweight to Welterweight,151,22,10,0,183,151-22-10 (100 KOs),100,54.6,2,1931,1931-1945,World Feather/Light/Welter,9018,66.2,33.8,24,3
Jimmy McLarnin,Flyweight to Welterweight,55,11,3,0,69,55-11-3 (21 KOs),21,30.4,0,1923,1923-1936,World Welterweight,9024,38.2,61.8,2,3
Jimmy Bivins,Middleweight to Heavyweight,89,27,1,0,117,89-27-1 (32 KOs),32,27.4,5,1940,1940-1955,N/A,9974,36,64,0,0
Emile Griffith,Welterweight to Middleweight,85,24,2,1,112,85-24-2 (23 KOs),23,20.5,2,1958,1958-1977,World Welter/Middleweight,9017,27.1,72.9,16,10
Rocky Marciano,Heavyweight,49,0,0,0,49,49-0 (43 KOs),43,87.8,0,1947,1947-1955,World Heavyweight,9032,87.8,12.2,7,0
Benny Leonard,Lightweight to Welterweight,185,22,9,3,219,185-22-9 (70 KOs),70,32,4,1911,1911-1932,World Lightweight,9001,37.8,62.2,7,1
Jose Napoles,Welterweight to Middleweight,81,7,0,0,88,81-7 (54 KOs),54,61.4,4,1958,1958-1975,WBA/WBC Welterweight,9025,66.7,33.3,15,3
Floyd Patterson,Heavyweight,55,8,1,0,64,55-8-1 (40 KOs),40,62.5,5,1952,1952-1972,World Heavyweight,9038,72.7,27.3,8,5
Mickey Walker,Welterweight to Heavyweight,131,25,6,2,164,131-25-6 (60 KOs),60,36.6,4,1919,1919-1935,World Welter/Middleweight,9035,45.8,54.2,8,4
Jack Britton,Welterweight,237,60,43,5,345,237-60-43 (30 KOs),30,8.7,1,1904,1904-1930,World Welterweight,11897,12.7,87.3,7,4
Marvin Hagler,Middleweight,62,3,2,0,67,62-3-2 (52 KOs),52,77.6,0,1973,1973-1987,WBA/WBC/IBF Middleweight,8684,83.9,16.1,13,1
Harry Wills,Heavyweight,89,10,7,5,111,89-10-7 (56 KOs),56,50.5,4,1911,1911-1932,Colored Heavyweight,17615,62.9,37.1,24,2
Willie Pep,Featherweight,229,11,1,0,241,229-11-1 (65 KOs),65,27,6,1940,1940-1966,World Featherweight,43,28.4,71.6,11,3
Kid Gavilan,Welterweight,108,30,5,0,143,108-30-5 (28 KOs),28,19.6,0,1943,1943-1958,World Welterweight,9014,25.9,74.1,8,3
Gene Fullmer,Middleweight,55,6,3,0,64,55-6-3 (24 KOs),24,37.5,2,1951,1951-1963,NBA/WBA Middleweight,9707,43.6,56.4,7,3
Max Schmeling,Heavyweight,56,10,4,0,70,56-10-4 (40 KOs),40,57.1,4,1924,1924-1948,World Heavyweight,9041,71.4,28.6,2,2
Ike Williams,Lightweight,128,24,5,0,157,128-24-5 (61 KOs),61,38.9,6,1940,1940-1955,World Lightweight,9020,47.7,52.3,9,1
Larry Holmes,Heavyweight,69,6,0,0,75,69-6 (44 KOs),44,58.7,1,1973,1973-2002,WBC/IBF Heavyweight,150,63.8,36.2,20,5
Gene Tunney,Light Heavyweight/Heavyweight,80,1,3,1,85,80-1-3 (48 KOs),48,56.5,0,1915,1915-1928,World Heavyweight,9046,60,40,3,0
Carmen Basilio,Welterweight/Middleweight,56,16,7,0,79,56-16-7 (27 KOs),27,34.2,2,1948,1948-1961,World Welter/Middleweight,8997,48.2,51.8,5,6
Evander Holyfield,Cruiserweight/Heavyweight,44,10,2,1,57,44-10-2 (29 KOs),29,50.9,2,1984,1984-2011,WBA/WBC/IBF Cruiser/Heavy,499,65.9,34.1,16,7
Joe Gans,Lightweight,157,12,22,6,197,157-12-22 (100 KOs),100,50.8,5,1891,1891-1909,World Lightweight,9026,63.7,36.3,17,4
Julio Cesar Chavez,Super Featherweight to Welterweight,107,6,2,0,115,107-6-2 (86 KOs),86,74.8,3,1980,1980-2005,WBC/WBA/IBF Super Feather to Light Welter,8119,80.4,19.6,31,4
Lennox Lewis,Heavyweight,41,2,1,0,44,41-2-1 (32 KOs),32,72.7,2,1989,1989-2003,WBC/WBA/IBF Heavyweight,1853,78,22,15,2
Oscar De La Hoya,Super Featherweight to Middleweight,39,6,0,0,45,39-6 (30 KOs),30,66.7,2,1992,1992-2008,Six Divisions,8253,76.9,23.1,24,5
Jack Johnson,Heavyweight,68,11,10,5,94,68-11-10 (34 KOs),34,36.2,6,1897,1897-1931,World Heavyweight,1187,50,50,15,1
Bob Foster,Light Heavyweight,56,8,1,0,65,56-8-1 (46 KOs),46,70.8,6,1961,1961-1978,WBA/WBC Light Heavyweight,9000,82.1,17.9,14,2
Roberto Duran,Lightweight to Super Middleweight,103,16,0,0,119,103-16 (70 KOs),70,58.8,4,1968,1968-2001,Four Divisions,20449,68,32,17,7
Sugar Ray Leonard,Welterweight to Light Heavyweight,36,3,1,0,40,36-3-1 (25 KOs),25,62.5,1,1977,1977-1997,Five Divisions,269,69.4,30.6,10,2
Joe Frazier,Heavyweight,32,4,1,0,37,32-4-1 (27 KOs),27,73,3,1965,1965-1981,WBA/WBC Heavyweight,16110,84.4,15.6,10,2
Thomas Hearns,Welterweight to Light Heavyweight,61,5,1,0,67,61-5-1 (48 KOs),48,71.6,4,1977,1977-2006,Five Divisions,303,78.7,21.3,14,4
Sonny Liston,Heavyweight,50,4,0,0,54,50-4 (39 KOs),39,72.2,3,1953,1953-1970,WBA/WBC Heavyweight,9031,78,22,2,2
Azumah Nelson,Featherweight to Super Featherweight,39,6,2,0,47,39-6-2 (28 KOs),28,59.6,0,1979,1979-2008,WBC Feather/Super Feather,440,71.8,28.2,18,4
Vicente Saldivar,Featherweight,37,3,0,0,40,37-3 (26 KOs),26,65,1,1961,1961-1973,WBA/WBC Featherweight,11594,70.3,29.7,9,2
Eder Jofre,Bantamweight/Featherweight,72,2,4,0,78,72-2-4 (50 KOs),50,64.1,0,1957,1957-1976,WBA/WBC Bantam/Featherweight,11505,69.4,30.6,11,2
Sandy Saddler,Featherweight to Super Featherweight,145,16,2,0,163,145-16-2 (104 KOs),104,63.8,1,1944,1944-1956,World Feather/Super Feather,9043,71.7,28.3,8,1
Alexis Arguello,Featherweight to Light Welterweight,77,8,0,0,85,77-8 (62 KOs),62,72.9,4,1968,1968-1995,WBA/WBC Three Divisions,2179,80.5,19.5,19,3
George Foreman,Heavyweight,76,5,0,0,81,76-5 (68 KOs),68,84,1,1969,1969-1997,WBA/WBC/IBF Heavyweight,90,89.5,10.5,5,3
Pernell Whitaker,Lightweight to Light Middleweight,40,4,1,1,46,40-4-1 (17 KOs),17,37,1,1984,1984-2001,Four Divisions,555,42.5,57.5,19,3
Floyd Mayweather,Super Featherweight to Light Middleweight,50,0,0,0,50,50-0 (27 KOs),27,54,0,1996,1996-2017,Five Divisions,352,54,46,26,0
Manny Pacquiao,Flyweight to Light Middleweight,62,8,3,0,73,62-8-3 (39 KOs),39,53.4,3,1995,1995-2025,Eight Divisions,6129,62.9,37.1,21,4
Andre Ward,Super Middleweight/Light Heavyweight,32,0,0,0,32,32-0 (16 KOs),16,50,0,2004,2004-2017,WBA/WBC/IBF/WBO Super Middle/Light Heavy,281958,50,50,12,0
Roy Jones Jr,Middleweight to Heavyweight,66,10,0,0,76,66-10 (47 KOs),47,61.8,5,1989,1989-2018,Four Divisions,774820,71.2,28.8,25,3
Bernard Hopkins,Middleweight/Light Heavyweight,55,8,2,2,67,55-8-2 (32 KOs),32,47.8,1,1988,1988-2016,IBF/WBA/WBC/WBO Middle/Light Heavy,1414,58.2,41.8,24,5
Terence Crawford,Lightweight to Super Middleweight,42,0,0,0,42,42-0 (31 KOs),31,73.8,0,2008,2008-2025,WBO/WBA/WBC/IBF Five Divisions,447121,73.8,26.2,20,0
Saul Alvarez,Light Welterweight to Light Heavyweight,63,3,2,0,68,63-3-2 (39 KOs),39,57.4,0,2005,2005-Present,Four Divisions,348759,61.9,38.1,24,3
Naoya Inoue,Light Flyweight to Super Bantamweight,33,0,0,0,33,33-0 (27 KOs),27,81.8,0,2012,2012-Present,Four Divisions,628407,81.8,18.2,26,0
Artur Beterbiev,Light Heavyweight,21,1,0,0,22,21-1 (20 KOs),20,90.9,0,2013,2013-Present,WBC/IBF/WBO/WBA Light Heavyweight,646981,95.2,4.8,10,1
Oleksandr Usyk,Cruiserweight/Heavyweight,25,0,0,0,25,25-0 (16 KOs),16,64,0,2013,2013-Present,WBA/WBC/IBF/WBO Cruiser/Heavyweight,659772,64,36,14,0
Tyson Fury,Heavyweight,36,2,1,0,39,36-2-1 (25 KOs),25,64.1,0,2008,2008-Present,WBC/WBA/IBF/WBO Heavyweight,479205,69.4,30.6,5,2
Gennadiy Golovkin,Middleweight,42,2,1,0,45,42-2-1 (37 KOs),37,82.2,0,2006,2006-2022,WBA/WBC/IBF Middleweight,356831,88.1,11.9,17,2
Vasyl Lomachenko,Featherweight to Lightweight,18,3,0,0,21,18-3 (12 KOs),12,57.1,0,2013,2013-2025,WBA/WBC/IBF/WBO Three Divisions,659771,66.7,33.3,14,3
Nonito Donaire,Flyweight to Featherweight,43,10,0,0,53,43-10 (28 KOs),28,52.8,3,2001,2001-Present,Four Divisions,48243,65.1,34.9,18,7
Gervonta Davis,Super Featherweight to Light Welterweight,30,0,1,0,31,30-0-1 (28 KOs),28,90.3,0,2013,2013-Present,WBA Three Divisions,643387,93.3,6.7,7,0
Errol Spence Jr,Welterweight,28,2,0,0,30,28-2 (22 KOs),22,73.3,1,2012,2012-Present,WBC/WBA/IBF Welterweight,629465,78.6,21.4,7,1
Anthony Joshua,Heavyweight,30,4,0,0,34,30-4 (27 KOs),27,79.4,2,2013,2013-Present,WBA/IBF/WBO Heavyweight,659461,90,10,9,4
Emanuel Navarrete,Super Bantamweight to Super Featherweight,40,2,1,1,44,40-2-1 (33 KOs),33,75,0,2012,2012-Present,WBO Three Divisions,602423,82.5,17.5,14,1
Kazuto Ioka,Minimumweight to Super Flyweight,32,5,1,0,38,32-5-1 (17 KOs),17,44.7,0,2009,2009-Present,WBA/WBC/WBO Four Divisions,483786,53.1,46.9,14,5
Jermall Charlo,Light Middleweight/Middleweight,34,0,0,0,34,34-0 (23 KOs),23,67.6,0,2008,2008-Present,IBF Light Middle/WBC Middle,471634,67.6,32.4,8,0
Jermell Charlo,Light Middleweight/Super Middleweight,35,2,1,0,38,35-2-1 (19 KOs),19,50,0,2007,2007-Present,WBC/WBA/IBF/WBO Light Middleweight,433135,54.3,45.7,7,2
David Benavidez,Super Middleweight to Cruiserweight,32,0,0,0,32,32-0 (26 KOs),26,81.3,0,2013,2013-Present,WBC/WBA/WBO Three Divisions,672259,81.3,18.8,5,0
Devin Haney,Lightweight to Welterweight,33,0,0,1,34,33-0 (15 KOs),15,44.1,0,2015,2015-Present,WBC/WBA/IBF/WBO Three Divisions,741718,45.5,54.5,9,0
Shakur Stevenson,Featherweight to Light Welterweight,25,0,0,0,25,25-0 (11 KOs),11,44,0,2017,2017-Present,WBO/WBC Four Divisions,790719,44,56,9,0
Junto Nakatani,Flyweight to Super Bantamweight,32,1,0,0,33,32-1 (24 KOs),24,72.7,0,2015,2015-Present,WBO/WBC/IBF Three Divisions,718508,75,25,10,1
